Position,Level,Salary
Business Analyst,1,59877.18612506635
Junior Consultant,2,55175.53563118671
Senior Consultant,3,1000.0
Manager,4,115985.67622551107
Country Manager,5,87142.08216850329
Region Manager,6,81394.77159194612
Partner,7,295551.60942618235
Senior Partner,8,261684.42436269898
C-level,9,520862.58601805684
CEO,10,948116.2166871114
